id,models_shape,epochs,learning_rate,loss,validation_loss,accuracy,precision,recall
1,"[1, 3, 3, 2]",10,0.7,0.3492561444061315,0.2654196647260588,0.8923976608187135,0.9925925925925928,0.8923976608187135
2,"[1, 3, 3, 2]",10,0.7,0.4336304243983863,0.3364531162024181,0.8619883040935671,0.9902534113060428,0.8619883040935671
3,"[1, 3, 3, 2]",10,0.7,0.35267288002700625,0.2714592725099664,0.891812865497076,0.9923001949317738,0.891812865497076
